StudentID,Name,Age,City
1,Дьячков Тарас Евсеевич,22,п. Дербент
2,Василиса Аскольдовна Гуляева,25,д. Саратов
3,Воронов Анисим Ануфриевич,22,д. Черемхово
4,Лавр Владленович Якушев,25,клх Карабудахкент
5,Елена Архиповна Калашникова,19,ст. Белокуриха
6,Венедикт Бенедиктович Власов,18,д. Минусинск
7,Демид Александрович Селиверстов,24,г. Красная Поляна
8,Владимиров Осип Владиленович,21,к. Махачкала
9,Марфа Ждановна Некрасова,22,г. Качканар
10,Зайцева Агата Рудольфовна,25,с. Борзя
11,Мария Никифоровна Лазарева,21,п. Новосибирск
12,Михайлова Оксана Ниловна,25,д. Александровск-Сахалинский
13,Селезнев Герасим Валерьянович,21,г. Верхнее Пенжино
14,Носкова Валерия Яковлевна,22,с. Кинешма
15,Русаков Мокей Харлампьевич,25,к. Луховицы
16,Гурьева Евгения Даниловна,23,клх Ангарск
17,тов. Комиссарова Лукия Кирилловна,22,г. Пинега
18,Тарасов Самуил Жоресович,18,клх Тихорецк
19,г-н Горшков Радован Устинович,18,п. Ельня
20,Мясникова Валерия Никифоровна,22,ст. Салават
21,Дарья Егоровна Лыткина,22,г. Осташков
22,Иванов Азарий Бориславович,25,к. Тулун
23,Герасимова Зоя Ильинична,23,п. Северо-Курильск
24,Кира Богдановна Пономарева,19,г. Североморск
25,Анисим Бенедиктович Куликов,25,п. Палана
26,Голубев Вышеслав Исидорович,24,клх Крымск
27,Алла Альбертовна Николаева,24,г. Качканар
28,Новиков Вацлав Архипович,25,п. Кондопога
29,Фёкла Леоновна Белова,24,с. Катайск
30,Громова Милица Геннадиевна,19,д. Сибай
31,Данилова Милица Робертовна,25,п. Красная Поляна
32,Горбунов Каллистрат Фадеевич,23,п. Каменск-Шахтинский
33,тов. Сергеева Светлана Кузьминична,18,с. Ярославль
34,Дарья Константиновна Антонова,21,г. Камень-на-Оби
35,Турова Светлана Ивановна,21,г. Усть-Ордынский
36,Авдей Гертрудович Колобов,22,клх Адлер
37,Нестеров Прокофий Елисеевич,24,д. Новосибирск
38,Лавр Фадеевич Дорофеев,25,д. Беслан
39,Суханов Юлиан Егорович,20,г. Усинск
40,Турова Агафья Константиновна,22,д. Челюскин
41,Харитонова Жанна Архиповна,20,ст. Новая Игирма
42,Дарья Руслановна Ковалева,19,д. Оленегорск (Якут.)
43,Крюков Клавдий Феликсович,20,п. Горячий Ключ
44,Зыков Мирон Иосифович,21,клх Чебаркуль
45,Виноградов Ананий Харламович,18,ст. Калач-на-Дону
46,Феликс Бенедиктович Костин,25,ст. Сибай
47,Шубина Виктория Максимовна,19,д. Адыгейск
48,Афиноген Измаилович Самсонов,25,д. Шумиха
49,Корнил Федотович Анисимов,21,г. Воронеж
50,Брагин Любим Устинович,19,с. Качканар
51,Михеев Денис Ефстафьевич,24,г. Армавир
52,Степан Тихонович Третьяков,23,клх Бирск
53,Архипова Ия Ефимовна,22,п. Мыс Шмидта
54,Галина Матвеевна Титова,20,клх Самара
55,Лонгин Валерианович Голубев,18,к. Луховицы
56,Ефремов Селиверст Бориславович,18,ст. Набережные Челны
57,Егор Иосипович Горбачев,24,г. Терней
58,Никифоров Владислав Ярославович,22,д. Усть-Кулом
59,Харитонов Фирс Евстигнеевич,24,с. Дербент
60,Панов Эрнест Гавриилович,18,г. Находка
61,Пахомов Софрон Эдгарович,19,клх Яхрома
62,Гордеева Нинель Максимовна,20,д. Переславль-Залесский
63,Валерия Игоревна Одинцова,23,клх Миллерово
64,Элеонора Наумовна Зайцева,24,п. Териберка
65,Ковалева Евпраксия Семеновна,18,к. Домодедово
66,Анисим Бориславович Колесников,23,клх Одинцово
67,Антонина Львовна Доронина,21,с. Домодедово
68,Харитонов Пров Бориславович,23,с. Краснодар
69,Силина Наина Кузьминична,19,с. Вязьма
70,Егор Глебович Ларионов,22,клх Терскол
71,Остап Герасимович Данилов,18,д. Нижнекамск
72,Беляков Всеслав Захарьевич,25,клх Александров Гай
73,Анатолий Марсович Артемьев,24,д. Усолье Сибирское
74,Григорьева Синклитикия Вячеславовна,21,с. Кашира
75,Рожков Феликс Бориславович,19,г. Калининград
76,Кондратий Фокич Кудрявцев,24,д. Приозерск
77,Митофан Владиленович Емельянов,20,п. Джейрах
78,Кудрявцева Маргарита Станиславовна,25,клх Салават
79,Маргарита Святославовна Кулакова,18,к. Солнечногорск
80,Алевтина Артемовна Козлова,23,с. Аршан (Бурят.)
81,Валентин Марсович Громов,23,с. Соболево
82,Калинина Оксана Александровна,24,д. Киренск
83,Шашкова Екатерина Игоревна,22,п. Стерлитамак
84,Блохина Ираида Феликсовна,20,к. Щельяюр
85,Фомичева Анна Дмитриевна,24,с. Красноселькуп
86,Варвара Тимуровна Романова,18,с. Валдай
87,Юлия Игоревна Фомичева,24,с. Кызыл
88,Шубин Николай Бенедиктович,22,ст. Амдерма
89,Никифоров Аким Еремеевич,23,ст. Малоярославец
90,Елена Георгиевна Красильникова,20,д. Чайковский
91,Комиссаров Павел Бориславович,18,д. Аршан (Бурят.)
92,Мир Ануфриевич Дорофеев,23,г. Лазаревское
93,Фадей Чеславович Пестов,23,п. Новый Оскол
94,г-жа Горбунова Наталья Святославовна,23,ст. Александров Гай
95,Тарасова Валерия Оскаровна,20,к. Златоуст
96,Ратмир Бориславович Ларионов,21,г. Юрьев-Польский
97,Герасимова Акулина Романовна,20,с. Чермоз
98,Пахомов Кузьма Владленович,22,д. Усть-Калманка
99,Поликарп Викторович Третьяков,24,п. Пинега
100,Корнилов Эмиль Марсович,21,клх Ведено
101,Орехова Елизавета Аркадьевна,18,г. Печора
102,Савельева Евдокия Ивановна,18,с. Сузун
103,Тихонова Жанна Григорьевна,25,г. Шахты
104,Быкова Евпраксия Леонидовна,25,п. Жигулевск
105,Арсений Фролович Кузнецов,19,г. Тайшет
106,Кондрат Зиновьевич Агафонов,25,к. Тольятти
107,г-н Морозов Ираклий Захарьевич,18,п. Темрюк
108,Белозерова Евдокия Георгиевна,23,с. Кедровый
109,Виссарион Тихонович Носков,18,г. Черкесск
110,Силин Наркис Филиппович,24,г. Дудинка
111,Самсонов Аникей Трофимович,18,п. Обнинск
112,Синклитикия Наумовна Блинова,18,г. Двинской
113,г-жа Маслова Элеонора Константиновна,18,ст. Кировск (Мурм.)
114,Вера Ивановна Семенова,23,с. Аршан (Бурят.)
115,Лебедев Савватий Егорович,21,г. Мурманск
116,г-жа Потапова Агата Петровна,22,клх Поронайск
117,Радим Филатович Савельев,24,с. Усолье Сибирское
118,Новикова Людмила Аркадьевна,25,ст. Владимир
119,Бобылева Тамара Павловна,21,с. Курган
120,Игнатий Александрович Мишин,21,г. Яхрома
121,Лука Фомич Никонов,22,д. Саров (Морд.)
122,Брагин Егор Герасимович,25,д. Белореченск
123,Соловьева Евгения Максимовна,20,п. Белокуриха
124,Давыдов Сидор Федотович,23,с. Белоярский
125,Титов Анатолий Виленович,21,д. Александров Гай
126,Тетерин Сигизмунд Матвеевич,22,с. Ростов
127,Пелагея Тарасовна Терентьева,19,с. Астрахань
128,г-н Ковалев Сидор Васильевич,18,д. Суздаль
129,Ия Болеславовна Дроздова,21,п. Люберцы
130,Светлана Андреевна Князева,23,с. Кириши
131,Федот Валентинович Журавлев,18,с. Ханты-Мансийск
132,Татьяна Святославовна Сафонова,22,д. Гагарин
133,Быков Мечислав Фокич,22,д. Снежногорск (Мурм.)
134,Яков Юлианович Фомичев,23,ст. Туруханск
135,Мир Алексеевич Орехов,23,д. Россошь
136,Евпраксия Вадимовна Игнатова,18,п. Апрелевка
137,Прасковья Эльдаровна Владимирова,23,п. Анива
138,Молчанова Элеонора Григорьевна,18,ст. Кежма
139,Воробьев Фока Феликсович,24,с. Лагань
140,Вишняков Эраст Валентинович,22,ст. Ногинск (Моск.)
141,Лариса Федоровна Фадеева,21,к. Кулунда
142,Рябова Фёкла Валериевна,24,с. Юровск
143,Ефим Ерофеевич Казаков,22,с. Карабулак
144,Лебедев Авдей Гурьевич,21,д. Тихорецк
145,Соколов Изот Ефремович,24,г. Усмань
146,Матвеев Галактион Федотович,22,д. Усть-Джегута
147,Олег Глебович Шашков,19,клх Кош-Агач
148,Савина Ирина Федоровна,22,с. Горячинск
149,Мокей Артурович Владимиров,18,п. Новгород Великий
150,Аверкий Авдеевич Тетерин,24,г. Приморско-Ахтарск
151,Творимир Харлампович Носков,19,ст. Норильск
152,Василий Владиленович Савин,18,п. Минусинск
153,Милица Ильинична Данилова,19,п. Моздок
154,Софон Богданович Кабанов,24,п. Валдай
155,Никифорова Майя Мироновна,23,клх Биробиджан
156,Максимов Денис Егорович,25,д. Тотьма
157,Бобров Аполлон Брониславович,19,д. Охотск
158,Глеб Филимонович Евсеев,24,г. Курск
159,Марков Мечислав Викторович,18,д. Минусинск
160,Кира Валентиновна Шестакова,18,клх Ноглики
161,Нина Антоновна Федорова,20,с. Чайковский
162,Галина Эдуардовна Доронина,19,клх Ухта
163,Ершов Игнатий Евстигнеевич,22,с. Чикола
164,Богданов Мир Эдгардович,24,клх Тихорецк
165,Юрий Жоресович Доронин,24,п. Холмск
166,Пахомов Симон Ефремович,22,клх Архыз
167,Федоров Сергей Филимонович,23,ст. Каневская
168,Галкин Савватий Харлампович,22,клх Приозерск
169,Щукин Тит Егорович,21,г. Жиганск
170,Галина Тимуровна Воронова,19,п. Сосьва (Хант.)
171,Савватий Георгиевич Капустин,20,ст. Жиганск
172,Капустина Лидия Макаровна,19,клх Печора
173,Галина Кузьминична Васильева,19,д. Тарко-Сале
174,Акулина Юльевна Быкова,22,с. Двинской
175,Мстислав Вилорович Мельников,24,к. Истра
176,Семенов Аникей Владиславович,22,клх Серебряные Пруды
177,Попова Акулина Георгиевна,19,ст. Бугульма
178,Элеонора Николаевна Тимофеева,18,к. Азов (Рост.)
179,Капустин Панкрат Дорофеевич,22,с. Сызрань
180,Казаков Корнил Аксёнович,19,д. Нефтегорск (Самар.)
181,Мечислав Иларионович Васильев,23,ст. Хасан
182,Шестаков Леонид Марсович,24,с. Челябинск
183,Герман Глебович Николаев,23,к. Ковров
184,Сорокина Тамара Олеговна,24,к. Шумиха
185,Эдуард Игнатьевич Лебедев,18,г. Губкин
186,Щукина Иванна Николаевна,25,ст. Малоярославец
187,Моисей Теймуразович Фомин,18,п. Певек
188,Олимпиада Эдуардовна Кузнецова,20,клх Архыз
189,Октябрина Ефимовна Костина,18,г. Челябинск
190,Федотова Синклитикия Натановна,23,к. Шали
191,Аскольд Владленович Романов,19,к. Истра
192,Тихон Егорович Орехов,18,к. Октябрьское (Хант.)
193,Влас Ануфриевич Морозов,23,с. Поронайск
194,Бирюкова Екатерина Даниловна,19,ст. Александров Гай
195,Прохоров Ладислав Викторович,19,к. Юрьев-Польский
196,тов. Новиков Карп Еремеевич,21,с. Ивдель
197,Суворов Соломон Давидович,21,ст. Грозный
198,Крюкова Фаина Антоновна,20,п. Каменск-Шахтинский
199,Кузьмина Александра Харитоновна,21,с. Шали
200,Нина Владиславовна Белоусова,22,п. Плес
201,Милица Михайловна Коновалова,22,с. Кострома
202,Кира Ивановна Дементьева,24,к. Усолье Сибирское
203,Евгения Степановна Лобанова,19,п. Апшеронск
204,Некрасова Акулина Вадимовна,25,к. Валдай
205,Романов Вадим Еремеевич,21,ст. Бреды
206,Олимпиада Тимофеевна Артемьева,18,с. Горячинск
207,Валерьян Архипович Лобанов,25,к. Ахтубинск
208,Владимирова Антонина Егоровна,20,к. Воронеж
209,Ипат Дорофеевич Яковлев,24,клх Аргаяш
210,Милен Авдеевич Белозеров,25,ст. Калуга
211,Анна Тимофеевна Тетерина,22,п. Чайковский
212,Носов Автоном Вилорович,22,ст. Кяхта
213,Виссарион Зиновьевич Колобов,22,клх Якша
214,Ширяева Алина Артемовна,19,д. Куртамыш
215,Филиппова Надежда Николаевна,19,г. Углич
216,Ульяна Петровна Павлова,19,клх Магнитогорск
217,Сорокина Нинель Федоровна,20,с. Чебоксары
218,Мамонтов Захар Теймуразович,21,к. Верхний Тагил
219,Валентина Евгеньевна Кудряшова,19,к. Белорецк
220,Макарова Нинель Феликсовна,19,ст. Чулым
221,Таисия Матвеевна Савельева,22,д. Шумиха
222,Федорова Марфа Оскаровна,22,п. Гусь-Хрустальный
223,Фадеев Софрон Елисеевич,23,п. Старая Русса
224,Третьякова Нонна Ильинична,20,с. Эльбрус
225,Маслова Прасковья Федоровна,20,к. Гдов
226,Суворова Варвара Геннадиевна,21,г. Шамары
227,Дмитриева Алла Львовна,22,д. Дзержинск
228,Никифор Анисимович Давыдов,22,клх Онега
229,Валерия Ждановна Шарова,25,ст. Жуковский
230,Михеева Акулина Васильевна,20,п. Стрежевой
231,Романов Модест Демьянович,18,д. Сасово
232,Нина Эльдаровна Матвеева,20,к. Тольятти
233,Евпраксия Никифоровна Баранова,20,с. Оленегорск (Якут.)
234,Варвара Борисовна Шарапова,22,п. Чебаркуль
235,Медведева Антонина Кузьминична,25,к. Выборг
236,Зоя Альбертовна Прохорова,21,с. Галич
237,Самойлов Всемил Андреевич,19,д. Корсаков
238,Воробьева Лидия Наумовна,22,п. Городовиковск
239,Орехова Анжелика Эльдаровна,21,к. Черемхово
240,Митофан Афанасьевич Зиновьев,18,г. Каменск-Уральский
241,Кузьмина Нонна Рубеновна,18,п. Морозовск
242,Родионова Алина Рубеновна,25,клх Луховицы
243,Клавдия Максимовна Некрасова,22,д. Пышма
244,Нинель Макаровна Хохлова,24,г. Усолье Сибирское
245,Радим Афанасьевич Шилов,25,д. Кисловодск
246,Станимир Владиславович Смирнов,23,ст. Каменномостский
247,Кудрявцев Потап Ефстафьевич,21,клх Тикси
248,Ольга Валериевна Мухина,23,к. Красновишерск
249,Доронина Лариса Кирилловна,22,ст. Кетченеры
250,Никон Владиславович Красильников,20,к. Осташков
251,Карпова Регина Тимофеевна,19,п. Кедровый
252,Наталья Геннадьевна Горбунова,22,с. Магадан
253,Рябов Андрей Измаилович,23,к. Сыктывкар
254,Любомир Игнатович Абрамов,24,с. Белоярский
255,Харитонова Ирина Петровна,19,ст. Наро-Фоминск
256,Шашкова Пелагея Афанасьевна,25,п. Троицк (Моск.)
257,Доронин Симон Трифонович,25,д. Шумиха
258,Дементий Валерианович Яковлев,21,п. Завьялиха
259,Кузнецова Евгения Богдановна,25,ст. Кяхта
260,Валентина Сергеевна Юдина,22,ст. Кировск (Мурм.)
261,Георгий Якубович Молчанов,18,с. Снежинск
262,Прохорова Елизавета Александровна,22,клх Горно-Алтайск
263,Мариан Ефремович Беспалов,18,с. Богучар
264,Алина Ниловна Калашникова,21,клх Катав-Ивановск
265,Зинаида Филипповна Чернова,24,к. Курганинск
266,Колесников Арефий Архипович,23,ст. Краснотурьинск
267,Александров Герасим Вячеславович,18,с. Кирово-Чепецк
268,Калинина Евфросиния Вадимовна,25,ст. Верхний Баскунчак
269,Лапин Исай Георгиевич,18,ст. Юрьевец (Иван.)
270,Тарасов Добромысл Федотович,18,с. Калязин
271,Фёкла Александровна Ларионова,24,к. Москва
272,Крылова Ираида Васильевна,25,д. Омск
273,Родионов Владислав Игоревич,25,к. Лабытнанги
274,Александрова Галина Ивановна,21,п. Тосно
275,Август Тихонович Копылов,22,п. Москва
276,Крюков Натан Фомич,20,клх Чайковский
277,Гущина Нина Степановна,22,ст. Курган
278,Константинов Трифон Феодосьевич,19,г. Улан-Удэ
279,Кабанова Ирина Харитоновна,22,с. Звенигород
280,Тихон Герасимович Брагин,22,к. Оленек
281,Казаков Харлампий Аверьянович,20,клх Азов (Рост.)
282,Варлаам Димитриевич Калинин,20,ст. Рыльск
283,Куприян Борисович Власов,24,"ст. Москва, МГУ"
284,Волкова Светлана Кузьминична,19,п. Каргасок
285,Иларион Харитонович Зимин,22,ст. Петухово
286,Сила Ильич Калашников,21,п. Новочеркасск
287,Воронова Раиса Леоновна,20,клх Губкин
288,Александра Кузьминична Воронова,20,к. Карабулак
289,Ефремова Елизавета Аскольдовна,25,клх Городовиковск
290,Сазонова Наина Кузьминична,20,клх Находка
291,Абрамов Николай Борисович,19,к. Шерегеш
292,Савватий Тарасович Макаров,18,к. Саров (Морд.)
293,Афиноген Геннадиевич Васильев,24,ст. Новочеркасск
294,Белякова Ираида Борисовна,20,к. Жуковский
295,Евпраксия Тимофеевна Трофимова,24,ст. Качканар
296,Симонов Данила Дорофеевич,18,клх Городовиковск
297,тов. Авдеева Алина Владимировна,20,клх Россошь
298,Казаков Лонгин Алексеевич,21,к. Истра
299,Блохин Денис Ермолаевич,22,к. Оймякон
300,г-жа Константинова Дарья Антоновна,21,д. Терней
301,Поликарп Иосифович Крюков,21,клх Елабуга
302,Ширяев Никандр Якубович,20,с. Малгобек
303,Пров Изотович Филатов,20,клх Чебаркуль
304,Шарапова Зинаида Натановна,20,г. Агинское (Забайк.)
305,Авдей Евсеевич Юдин,23,клх Муром
306,Евдокия Валентиновна Павлова,23,клх Выборг
307,Панфилов Лука Эдгарович,20,клх Лабытнанги
308,Тамара Макаровна Муравьева,23,с. Лянтор
309,Христофор Демидович Кудряшов,19,клх Снежногорск (Мурм.)
310,Антип Бенедиктович Семенов,24,ст. Жуковский
311,Нонна Ждановна Богданова,19,ст. Хоста
312,Роман Гертрудович Егоров,20,д. Апшеронск
313,Лев Гурьевич Громов,22,с. Зеленоград
314,Капустин Артемий Данилович,19,г. Магадан
315,Регина Викторовна Евдокимова,25,к. Кириши
316,Филатова Анжелика Афанасьевна,19,г. Моздок
317,Лукин Олег Феофанович,20,д. Оленек
318,Меркушева Пелагея Аскольдовна,19,клх Игарка
319,г-н Потапов Самсон Витальевич,24,с. Красноуральск
320,Горбунова Майя Ниловна,23,с. Александровск-Сахалинский
321,Бобылев Геннадий Фадеевич,20,с. Усть-Джегута
322,Сысоева Анна Павловна,25,ст. Бомнак
323,Пестов Митофан Ефремович,23,к. Ногинск (Моск.)
324,Рожкова Нинель Эльдаровна,23,с. Курчатов
325,Милица Ждановна Нестерова,23,п. Ростов-на-Дону
326,Наум Васильевич Якушев,18,п. Терскол
327,Шашков Любомир Фокич,22,г. Горячинск
328,Анисимова Зоя Ефимовна,23,клх Кингисепп
329,Нонна Анатольевна Полякова,22,к. Северо-Курильск
330,Сила Власович Денисов,18,клх Брянск
331,Петров Лукьян Герасимович,18,клх Кострома
332,Анастасия Мироновна Ларионова,24,клх Улан-Удэ
333,Юдин Аким Игнатович,20,с. Озеры
334,Максим Юлианович Быков,24,п. Сасово
335,Логинов Карл Власович,24,г. Калининград
336,тов. Васильев Любосмысл Бенедиктович,22,клх Звенигород
337,Евдокия Леонидовна Назарова,19,к. Махачкала
338,Кириллова Пелагея Тимуровна,25,д. Тюмень
339,г-н Баранов Игорь Игнатович,25,г. Новый Уренгой
340,Андроник Елисеевич Кошелев,23,к. Северобайкальск
341,Федотов Венедикт Борисович,21,г. Самара
342,Милица Константиновна Андреева,23,клх Адлер
343,Горбунова Фёкла Вадимовна,25,к. Нижнеудинск
344,Мечислав Устинович Комиссаров,18,клх Верхний Уфалей
345,Влас Андреевич Авдеев,22,г. Нижний Тагил
346,Ширяев Игорь Евсеевич,24,с. Тюмень
347,Октябрина Федоровна Ефремова,24,п. Рославль
348,Голубев Михей Жоресович,21,п. Рыбинск
349,Журавлева Галина Олеговна,23,к. Апрелевка
350,Александрова Марфа Архиповна,25,г. Буденновск
351,Александра Григорьевна Пономарева,25,с. Печора
352,тов. Титова Ирина Мироновна,25,п. Внуково (метеост.)
353,Савина Ираида Максимовна,22,клх Можайск
354,Игнатьев Мефодий Еремеевич,20,г. Соболево
355,Соловьева Ирина Львовна,21,д. Уренгой
356,Агата Яковлевна Фомичева,21,п. Радужный
357,Филимон Алексеевич Савельев,25,п. Сортавала
358,Громов Вячеслав Устинович,24,клх Норильск
359,Панов Мина Фадеевич,21,с. Катав-Ивановск
360,Савин Леонтий Трифонович,23,д. Кондопога
361,Маргарита Эдуардовна Сергеева,23,к. Анадырь
362,Васильева Вероника Наумовна,22,д. Калачинск
363,Морозова Анжелика Игоревна,22,г. Кострома
364,Голубева Прасковья Павловна,18,п. Тура
365,Ирина Владиславовна Смирнова,23,ст. Луга
366,Белозерова Людмила Юльевна,23,д. Морозовск
367,Воронова Елизавета Аскольдовна,20,г. Нефтекамск
368,Михеев Парфен Виленович,25,клх Слюдянка
369,Сорокин Авксентий Игоревич,18,с. Сальск
370,Савелий Бориславович Стрелков,24,г. Ишим
371,Максимова Людмила Кузьминична,22,с. Мытищи
372,Маслова Анна Эльдаровна,23,клх Гусь-Хрустальный
373,Носов Модест Иосипович,19,п. Ржев
374,Артем Алексеевич Борисов,22,клх Каменномостский
375,Игнатьев Фадей Богданович,25,к. Архыз
376,Лобанова Екатерина Аркадьевна,25,д. Приозерск
377,Стрелков Терентий Арсеньевич,20,клх Любань
378,Алевтина Петровна Алексеева,18,п. Южно-Сахалинск
379,Лыткина Марина Аскольдовна,20,с. Усть-Кулом
380,Баранов Арефий Федосеевич,18,с. Архыз
381,Яковлева Александра Архиповна,23,г. Якутск
382,Кошелев Казимир Артурович,23,к. Сунтар
383,Синклитикия Игоревна Данилова,24,к. Бийск
384,Молчанова Алина Оскаровна,19,п. Сургут (Хант.)
385,Модест Авдеевич Кириллов,22,г. Ербогачен
386,г-н Ларионов Спиридон Марсович,23,с. Верхний Баскунчак
387,Котов Кондрат Жанович,21,г. Томск
388,Ксения Аркадьевна Сазонова,23,ст. Новомосковск
389,Воронцова Ксения Валериевна,22,ст. Добрянка
390,Раиса Степановна Евсеева,24,к. Галич
391,Лучезар Владленович Бобров,22,с. Кропоткин (Краснод.)
392,Гуляев Валентин Харлампьевич,19,г. Лысьва
393,Осипов Елизар Жоресович,21,ст. Листвянка (Иркут.)
394,Селезнев Гаврила Харитонович,20,г. Россошь
395,Потапов Викторин Власович,23,ст. Пятигорск
396,Попов Мечислав Ильич,22,к. Яшалта
397,Пелагея Юрьевна Рыбакова,20,д. Абакан
398,Ярослав Гурьевич Устинов,19,ст. Амдерма
399,Арсений Егорович Дроздов,20,п. Карталы
400,Кузьма Филимонович Григорьев,21,к. Луга
401,Симонов Никон Тарасович,20,клх Астрахань
402,Большакова Виктория Ждановна,18,п. Миллерово
403,Дроздов Вениамин Венедиктович,23,клх Красноселькуп
404,Твердислав Вилорович Власов,20,п. Магадан
405,Наина Егоровна Фомичева,24,с. Кириши
406,Агафон Феоктистович Молчанов,23,с. Талдом
407,Алевтина Кирилловна Орехова,23,к. Витим
408,Виктория Игоревна Игнатьева,25,г. Ардон
409,Быков Аверкий Тимурович,18,п. Владикавказ
410,Евгения Кузьминична Кулагина,22,п. Красноярск
411,Епифан Фролович Смирнов,19,д. Элиста
412,Нестеров Наум Григорьевич,19,к. Токма
413,Алевтина Ждановна Миронова,21,п. Эльбрус
414,Попова Наталья Захаровна,25,г. Белорецк
415,Назар Игнатович Мясников,23,д. Сортавала
416,Дмитрий Измаилович Третьяков,22,к. Галич
417,Раиса Антоновна Игнатьева,18,к. Ростов-на-Дону
418,Алексеев Епифан Владиславович,21,ст. Орехово-Зуево
419,Муравьев Олег Даниилович,21,г. Чебаркуль
420,Егор Федосьевич Васильев,22,клх Урус-Мартан
421,Мясников Сергей Витальевич,24,п. Рославль
422,Фаина Никифоровна Григорьева,21,с. Чермоз
423,Овчинников Ким Афанасьевич,24,п. Сладково
424,Владлен Бориславович Одинцов,18,д. Белогорск (Амур.)
425,Елизар Артёмович Васильев,22,с. Голицыно
426,Гущина Кира Андреевна,22,клх Белокуриха
427,Соколов Виссарион Юльевич,23,г. Губкинский
428,Феврония Михайловна Гордеева,24,ст. Красная Поляна
429,Людмила Львовна Михеева,19,с. Саранск
430,Харитонов Демьян Анисимович,25,клх Сунтар
431,Соболева Ираида Алексеевна,21,с. Всеволожск
432,Иванов Каллистрат Елисеевич,23,п. Тикси
433,тов. Горбунов Орест Матвеевич,24,п. Киров (Вятка)
434,Василиса Николаевна Князева,21,д. Новгород Великий
435,Макар Ярославович Дроздов,25,клх Усть-Джегута
436,Радислав Валентинович Гурьев,19,к. Тында
437,Любовь Аркадьевна Зиновьева,18,г. Усть-Катав
438,Аникей Ерофеевич Лихачев,21,клх Асбест
439,Сергей Матвеевич Горбачев,19,п. Белореченск
440,Любосмысл Юлианович Александров,18,к. Калуга
441,Пров Аксёнович Суворов,23,с. Заводоуковск
442,Марфа Аскольдовна Лебедева,19,клх Шамары
443,Мартынова Элеонора Наумовна,18,к. Кисловодск
444,Лариса Романовна Павлова,18,с. Ступино
445,Лебедев Добромысл Евстигнеевич,21,п. Ахтубинск
446,Соболев Виталий Ааронович,21,ст. Суздаль
447,Пелагея Михайловна Ефремова,22,д. Сургут (Хант.)
448,Сафонов Климент Адрианович,18,клх Кяхта
449,Регина Семеновна Абрамова,20,г. Тула
450,Марфа Федоровна Абрамова,21,клх Холмогоры
451,Григорьев Игорь Витальевич,19,г. Воткинск
452,Анжела Захаровна Субботина,22,г. Костомукша
453,Смирнова Алевтина Леонидовна,25,д. Брянск
454,Порфирий Тихонович Маслов,25,г. Саров (Морд.)
455,Зуева Василиса Матвеевна,25,г. Быково (метеост.)
456,Ксения Тимуровна Кузьмина,25,п. Рязань
457,Беспалова Юлия Эльдаровна,20,п. Кострома
458,Герасимов Филимон Фомич,23,п. Сунтар
459,Тарасова Антонина Львовна,22,ст. Старая Русса
460,Титова Алевтина Викторовна,20,ст. Наро-Фоминск
461,Кошелев Феликс Геннадиевич,18,п. Курган
462,Ираида Ефимовна Филиппова,22,с. Верхотурье
463,Мамонтов Юлиан Валентинович,22,клх Пенза
464,Гурьева Акулина Львовна,18,с. Быково (метеост.)
465,Агата Вадимовна Ситникова,18,клх Златоуст
466,Логинова Евдокия Ефимовна,20,к. Тикси
467,Ирина Кирилловна Гордеева,20,к. Мостовской
468,Фадеев Михей Дорофеевич,20,с. Певек
469,Макарова Синклитикия Вениаминовна,25,с. Геленджик
470,Евстафий Вилорович Павлов,22,д. Тутончаны
471,Вишняков Капитон Зиновьевич,24,ст. Сухиничи
472,Оксана Эдуардовна Быкова,20,к. Забайкальск
473,Ирина Васильевна Емельянова,22,г. Кимры
474,Гордей Юльевич Дементьев,20,с. Поронайск
475,Алина Игоревна Данилова,23,с. Малгобек
476,Никанор Евстигнеевич Шарапов,18,к. Усть-Калманка
477,Носова Наина Дмитриевна,19,с. Темрюк
478,Сильвестр Игоревич Марков,23,п. Терскол
479,Савельев Терентий Борисович,18,клх Хабаровск
480,Миронов Платон Феоктистович,23,г. Дудинка
481,Жанна Никифоровна Назарова,22,к. Северобайкальск
482,Фаина Кузьминична Миронова,23,г. Усть-Катав
483,Нонна Леонидовна Логинова,24,г. Северодвинск
484,Кира Богдановна Горбунова,24,п. Малая Вишера
485,Пелагея Петровна Пестова,18,клх Новосибирск
486,Самойлов Потап Ефимьевич,18,ст. Шатура
487,Игнатов Кир Гурьевич,24,ст. Хатанга
488,Кудряшова Фаина Владиславовна,20,д. Нижний Тагил
489,Мстислав Игнатович Аксенов,19,п. Нижнекамск
490,Большакова Лидия Юльевна,22,с. Североуральск
491,Евфросиния Львовна Трофимова,24,д. Беслан
492,Самойлова Фаина Семеновна,19,д. Ершов
493,Новиков Тимур Федотович,23,п. Биробиджан
494,Александров Рюрик Иосифович,21,ст. Ведено
495,Мария Афанасьевна Устинова,24,г. Ачинск
496,Виктор Игнатьевич Прохоров,18,г. Нарьян-Мар
497,Медведев Агафон Данилович,23,с. Талдом
498,Регина Романовна Сысоева,22,к. Сковородино
499,Нина Филипповна Щукина,19,ст. Талдом
500,Василий Тарасович Владимиров,21,г. Городовиковск
501,Лыткина Ирина Яковлевна,18,ст. Фатеж
502,Рыбаков Эрнст Артурович,24,с. Когалым
503,Дементьева Тамара Петровна,25,к. Иваново
504,Крылов Руслан Августович,22,к. Александров
505,Фаина Борисовна Власова,18,к. Славянск-на-Кубани
506,Радован Вилорович Ларионов,25,г. Аша
507,Пестов Аникита Иларионович,24,ст. Гдов
508,Анатолий Демьянович Лазарев,24,клх Дзержинск
509,г-жа Тетерина Маргарита Тимофеевна,25,д. Сосногорск
510,Евдокимова Феврония Леонидовна,22,п. Адлер
511,Поляков Гедеон Изотович,18,д. Курумкан
512,Алина Кузьминична Трофимова,21,д. Орск
513,Поляков Дмитрий Валерьевич,25,г. Кяхта
514,Мариан Жанович Рожков,18,п. Якша
515,Андреев Аполлон Федотович,21,с. Каргасок
516,Маркова Иванна Валериевна,24,к. Славгород
517,Казаков Никифор Гертрудович,18,г. Галич
518,Сорокина Нинель Алексеевна,20,с. Баксан
519,Фомин Константин Жанович,20,п. Александров
520,тов. Александрова Елизавета Афанасьевна,23,п. Холмогоры
521,Глафира Никифоровна Семенова,21,клх Чайковский
522,Ефим Данилович Ермаков,23,клх Можайск
523,Кулаков Софон Всеволодович,22,с. Чехов
524,Федотова Виктория Ждановна,19,п. Салават
525,Никитина Алина Петровна,19,клх Североуральск
526,Кабанов Эдуард Ефимович,23,ст. Арсеньев
527,Матвеева Анжелика Макаровна,18,клх Оленегорск (Якут.)
528,Станислав Геннадиевич Рыбаков,22,клх Сарапул
529,Тарасов Лонгин Адрианович,21,г. Курильск
530,Евдокия Никифоровна Суворова,21,с. Бирск
531,Анна Руслановна Козлова,21,п. Миллерово
532,Муравьев Каллистрат Зиновьевич,22,ст. Слюдянка
533,Крюкова Эмилия Анатольевна,25,ст. Черняховск
534,Лидия Архиповна Евдокимова,23,г. Валаам
535,Евпраксия Егоровна Степанова,23,г. Арзамас
536,Устинов Селиван Васильевич,18,д. Эльтон
537,Субботин Якуб Феодосьевич,22,к. Курильск
538,Порфирий Федосьевич Овчинников,21,г. Джейрах
539,Татьяна Юрьевна Никифорова,22,п. Таганрог
540,Цветков Авдей Юлианович,25,клх Корсаков
541,Жданова Евфросиния Богдановна,18,клх Уэлен
542,Милен Адамович Попов,19,ст. Балашиха
543,Геннадий Августович Марков,23,ст. Рыбинск
544,Шарапов Севастьян Иосипович,25,п. Мыс Шмидта
545,Василиса Матвеевна Кузнецова,22,ст. Славянск-на-Кубани
546,Ладимир Данилович Кудряшов,19,п. Алексин
547,Матвей Чеславович Никифоров,20,клх Тула
548,Лавр Бориславович Медведев,22,д. Бузулук
549,Маслов Иосиф Гертрудович,18,к. Суздаль
550,Элеонора Егоровна Медведева,18,с. Бийск
551,Князев Петр Устинович,23,клх Златоуст
552,Королева Наталья Даниловна,24,ст. Далматово
553,Александров Андрон Харлампович,24,г. Слюдянка
554,Сидор Артемьевич Соколов,20,клх Комсомольск-на-Амуре
555,Амвросий Ермилович Агафонов,22,с. Оса
556,Степанов Эммануил Артемьевич,24,к. Лабинск
557,Ефремова Марина Романовна,20,с. Яхрома
558,Марина Ефимовна Кузнецова,25,д. Беломорск
559,Щукина Александра Аскольдовна,18,ст. Магадан
560,Пелагея Харитоновна Цветкова,20,клх Уренгой
561,Гуляев Мина Ефимович,21,п. Нягань
562,Алевтина Максимовна Быкова,21,д. Любань
563,Третьякова Ирина Геннадиевна,20,к. Сорочинск
564,Иванова Клавдия Михайловна,23,ст. Пышма
565,Зимин Радим Викторович,22,ст. Тулпан
566,Евграф Игоревич Богданов,22,д. Сунтар
567,Уваров Орест Тихонович,22,г. Нарткала
568,Вера Мироновна Шилова,19,г. Гремячинск (Перм.)
569,Блохина Евдокия Андреевна,24,п. Карачаевск
570,Лора Анатольевна Гусева,24,к. Юрьев-Польский
571,Твердислав Филимонович Тетерин,22,с. Киржач
572,г-жа Титова Лукия Феликсовна,20,клх Тверь
573,Агафья Викторовна Сысоева,25,д. Ялуторовск
574,Силантий Тимурович Копылов,22,д. Кандалакша
575,Симонов Касьян Анисимович,18,п. Уссурийск
576,Осипова Клавдия Александровна,21,д. Клин
577,Жанна Борисовна Щербакова,21,п. Джубга
578,Макаров Викентий Гаврилович,23,д. Мценск
579,Валерия Аскольдовна Гусева,20,к. Тайшет
580,Давыдов Игорь Иларионович,19,д. Грозный
581,Иванна Дмитриевна Симонова,24,ст. Сухиничи
582,Рыбаков Фома Давидович,20,п. Мончегорск
583,Киселев Мстислав Федосеевич,24,г. Чегем
584,Антонина Юрьевна Селезнева,20,с. Ковров
585,Селиверстова Галина Афанасьевна,19,к. Теберда
586,Радислав Георгиевич Ермаков,21,п. Наро-Фоминск
587,Мухин Борислав Валентинович,22,ст. Тырныауз
588,Ефимова Анастасия Руслановна,24,г. Кулу
589,Лидия Борисовна Тетерина,20,ст. Балашиха
590,Анжела Владимировна Одинцова,23,клх Чайковский
591,Емельянова Евфросиния Ивановна,21,к. Радужный
592,Ксения Эльдаровна Константинова,25,клх Старый Оскол
593,Эмилия Сергеевна Степанова,18,клх Корсаков
594,Яковлев Фадей Игоревич,20,с. Яхрома
595,тов. Цветков Ладислав Жанович,24,с. Шилка
596,Болеслав Фролович Михеев,22,ст. Ростов
597,Ольга Кирилловна Быкова,21,г. Прохладный
598,Федорова Агата Захаровна,18,п. Павловская
599,Ксения Оскаровна Беляева,25,с. Сергиев Посад
600,Наумова Жанна Николаевна,25,клх Усолье Сибирское
601,Раиса Наумовна Орлова,19,клх Североморск
602,Белоусов Ермолай Изотович,23,ст. Южноуральск
603,Кудряшов Анатолий Дмитриевич,20,клх Качканар
604,Дроздов Лазарь Анисимович,18,к. Липецк
605,Поликарп Чеславович Симонов,19,ст. Углич
606,Гедеон Устинович Мельников,18,ст. Кинешма
607,Щукин Николай Харламович,23,п. Стрежевой
608,Абрамов Милен Демидович,19,с. Боровск
609,Стрелков Орест Ермолаевич,22,п. Тутаев
610,Сазонова Жанна Васильевна,22,д. Анапа
611,тов. Журавлева Евфросиния Эльдаровна,19,п. Кулунда
612,Еремей Яковлевич Котов,21,к. Токсово
613,Сазонов Леонид Теймуразович,24,к. Курск
614,Смирнов Лев Гаврилович,22,п. Кыштым
615,Светлана Альбертовна Ильина,22,г. Павловский Посад
616,Селиверстов Флорентин Давидович,25,с. Каспийск
617,Глеб Владленович Власов,23,ст. Тайшет
618,Рожкова Александра Васильевна,19,клх Котельнич
619,Колесников Лазарь Венедиктович,20,к. Обоянь
620,Любосмысл Марсович Куликов,22,д. Петухово
621,Владлен Артурович Кабанов,18,д. Старая Русса
622,Суханова Дарья Геннадиевна,20,г. Вуктыл
623,Ермолай Денисович Ильин,19,к. Соль-Илецк
624,Виссарион Фадеевич Гордеев,20,п. Шерегеш
625,Каллистрат Феофанович Виноградов,24,д. Учалы
626,Муравьева Анжела Юрьевна,18,к. Пятигорск
627,Оксана Тарасовна Кононова,24,клх Оса
628,Филиппов Мечислав Харитонович,22,г. Туапсе
629,Меркушев Леонид Захарьевич,23,г. Медногорск
630,Ефимова Евфросиния Святославовна,25,ст. Агата
631,Никодим Владиславович Агафонов,23,с. Тикси
632,Савватий Бориславович Яковлев,22,г. Лабытнанги
633,Фёкла Сергеевна Ковалева,23,клх Барнаул
634,Амвросий Гурьевич Гусев,21,п. Саратов
635,Попова Ульяна Архиповна,24,п. Токма
636,Ия Кузьминична Макарова,21,к. Кропоткин (Краснод.)
637,Мельникова Эмилия Ниловна,22,с. Онега
638,Анастасия Геннадиевна Родионова,25,к. Нижнеудинск
639,Гаврилова Ангелина Кузьминична,25,г. Валаам
640,Пелагея Ждановна Куликова,24,к. Сосногорск
641,Октябрина Васильевна Осипова,23,с. Цимлянск
642,Ананий Ермолаевич Котов,25,д. Александровск-Сахалинский
643,Савельев Фрол Ефимович,25,клх Мокшан
644,Демьян Феодосьевич Зуев,18,д. Камышлов
645,Лев Эдуардович Хохлов,18,ст. Усть-Кулом
646,Воронцова Феврония Юльевна,25,п. Жигулевск
647,Беляков Милий Богданович,20,клх Соль-Илецк
648,Валентина Владиславовна Мартынова,22,г. Октябрьский (Башк.)
649,Радим Марсович Козлов,23,п. Ухта
650,Лариса Александровна Маслова,24,клх Алагир
651,Ефремова Валерия Руслановна,21,п. Калязин
652,Давыд Тарасович Нестеров,24,п. Соль-Илецк
653,Ермил Викентьевич Буров,20,ст. Глазов
654,Вишняков Остромир Димитриевич,25,ст. Калач
655,Селиверстов Мокей Ермолаевич,22,с. Гдов
656,Владимиров Тихон Егорович,23,г. Кулунда
657,Валерия Анатольевна Сидорова,20,д. Зарайск
658,Гурьева Мария Тимуровна,22,клх Верхнее Пенжино
659,Лукия Егоровна Калашникова,20,г. Находка
660,Мартынов Кузьма Демьянович,21,клх Иваново
661,Родионова Лидия Харитоновна,22,клх Аша
662,Степанов Адриан Авдеевич,23,клх Углич
663,Анжела Михайловна Носкова,18,д. Ревда (Сверд.)
664,Лукия Рудольфовна Калашникова,23,п. Аршан (Бурят.)
665,Вера Георгиевна Яковлева,22,ст. Урюпинск
666,Жанна Павловна Смирнова,20,г. Сарапул
667,Евдокия Борисовна Семенова,20,г. Армавир
668,Анисимов Сергей Ефстафьевич,25,к. Любань
669,Крылова Ульяна Наумовна,24,ст. Карталы
670,Ипполит Вячеславович Фомичев,24,д. Новороссийск
671,Куликов Спиридон Гертрудович,19,г. Камышин
672,Ефимов Фортунат Фадеевич,18,п. Каневская
673,Феврония Степановна Маркова,18,д. Ялуторовск
674,Майя Егоровна Сергеева,21,с. Калачинск
675,Кулагин Елисей Архипович,20,с. Колпашево
676,Татьяна Макаровна Дмитриева,25,ст. Сунтар
677,Никитин Порфирий Эдгарович,18,к. Усть-Илимск
678,Оксана Антоновна Колобова,21,ст. Тайшет
679,Аникей Владленович Сысоев,22,п. Тында
680,Ульяна Георгиевна Елисеева,23,д. Стрежевой
681,Елена Романовна Субботина,23,г. Черкесск
682,Лазарев Иларион Григорьевич,19,к. Оленегорск (Якут.)
683,Мясникова Синклитикия Станиславовна,20,д. Ноябрьск
684,Нестор Демидович Прохоров,21,п. Петропавловск-Камчатский
685,Маргарита Захаровна Молчанова,22,п. Ардон
686,Симонова Евдокия Ивановна,23,к. Буйнакск
687,Баранов Эраст Алексеевич,20,п. Камень-на-Оби
688,Герасим Филиппович Никитин,25,к. Мценск
689,Тамара Богдановна Силина,20,к. Хасавюрт
690,Сысоева Вера Геннадиевна,19,клх Хатанга
691,Вероника Игоревна Кошелева,22,д. Белогорск (Амур.)
692,Оксана Эдуардовна Бурова,24,с. Сладково
693,Стрелков Назар Егорович,21,к. Дзержинск
694,Марина Макаровна Третьякова,24,с. Ангарск
695,Мишин Зиновий Анатольевич,21,к. Батайск
696,Владимирова Алла Рудольфовна,20,п. Усть-Джегута
697,Лора Семеновна Зыкова,18,д. Междуреченский
698,Амос Федотович Аксенов,23,клх Катайск
699,Анжелика Альбертовна Самойлова,21,п. Глазов
700,Пономарева Ульяна Харитоновна,24,к. Тымовское
701,Прохорова Евдокия Наумовна,24,с. Салават
702,Федотова Фёкла Егоровна,19,с. Архангельск
703,Гуляева Ия Макаровна,23,г. Ивдель
704,Ираида Харитоновна Фокина,20,к. Чебаркуль
705,Всеслав Эдгардович Соловьев,19,ст. Чусовой
706,Гаврила Юлианович Николаев,20,ст. Белгород
707,Агафонов Ярослав Иосифович,25,п. Северобайкальск
708,Кира Степановна Тетерина,18,к. Арзамас
709,Валентина Антоновна Назарова,25,д. Гремячинск (Перм.)
710,Моисей Августович Соловьев,24,д. Байкальск
711,Белякова Валерия Кузьминична,21,клх Токсово
712,Галактион Данилович Давыдов,18,п. Мончегорск
713,Герасимова Акулина Михайловна,24,г. Кизляр
714,Савватий Ермилович Лапин,20,п. Энгельс
715,Иванна Вячеславовна Фадеева,19,ст. Ржев
716,Ангелина Евгеньевна Меркушева,24,ст. Рубцовск
717,Яковлева Фёкла Вячеславовна,19,г. Холмск
718,Ермолай Брониславович Кудрявцев,19,клх Озеры
719,Анисимова Зинаида Альбертовна,20,с. Октябрьское (Челяб.)
720,Вероника Станиславовна Миронова,18,г. Сорочинск
721,Юдин Аполлон Валерианович,18,г. Ачхой Мартан
722,Иванов Анатолий Александрович,20,к. Шадринск
723,Панфилова Вера Наумовна,18,с. Кизилюрт
724,Дмитриев Эрнст Давидович,20,ст. Семлячики
725,Лукия Геннадиевна Гусева,21,п. Кежма
726,Елена Кузьминична Кулакова,22,г. Нефтегорск (Самар.)
727,Виноградова Екатерина Максимовна,22,клх Певек
728,Майя Владимировна Одинцова,24,к. Сосногорск
729,Агата Петровна Блохина,20,г. Джейрах
730,Матвей Феликсович Борисов,23,ст. Киренск
731,Герасимов Нифонт Евсеевич,24,д. Адыгейск
732,Наум Эдгарович Кириллов,25,к. Двинской
733,Карп Бенедиктович Журавлев,21,д. Кулунда
734,Русакова Любовь Ефимовна,19,ст. Ребриха
735,Павлова Светлана Ефимовна,25,п. Арзамас
736,Овчинников Семен Архипович,20,ст. Калуга
737,Вероника Яковлевна Куликова,20,ст. Фатеж
738,г-жа Беспалова Наталья Юльевна,19,клх Верхний Уфалей
739,Марина Леоновна Пахомова,20,к. Нарткала
740,Лучезар Даниилович Ситников,25,клх Сарапул
741,Муравьева Екатерина Даниловна,25,клх Якша
742,Никандр Захарьевич Котов,18,к. Южно-Курильск
743,Карл Жоресович Исаков,19,п. Наро-Фоминск
744,Максимов Гостомысл Бориславович,21,п. Шилка
745,Ульяна Александровна Маркова,25,ст. Киров (Вятка)
746,Александра Львовна Юдина,18,п. Сургут (Хант.)
747,Рыбаков Пимен Елисеевич,25,к. Гремячинск (Перм.)
748,Оксана Сергеевна Фадеева,24,д. Невинномысск
749,Богданова Александра Болеславовна,21,клх Каспийск
750,Харитонов Леон Анатольевич,20,г. Советский
751,Егорова Алина Григорьевна,23,г. Тосно
752,Гаврилов Антонин Давидович,19,с. Анива
753,Игнатов Рюрик Андреевич,18,к. Горно-Алтайск
754,Кирилл Афанасьевич Пестов,22,г. Шелехов
755,Панов Якуб Геннадиевич,24,с. Аша
756,Федотова Антонина Филипповна,24,с. Карабулак
757,Герасимова Майя Семеновна,20,п. Устюжна
758,Баранов Зосима Августович,25,с. Сальск
759,Людмила Павловна Герасимова,25,ст. Туапсе
760,Соколов Чеслав Димитриевич,19,с. Ногинск (Моск.)
761,Алексей Филатович Давыдов,20,клх Красноярск
762,Муравьев Филимон Геннадиевич,18,с. Певек
763,Медведева Валентина Аркадьевна,23,д. Всеволожск
764,Щукин Геннадий Антонович,25,клх Невельск
765,Рогов Авдей Тарасович,23,п. Партизанск
766,Ермил Гордеевич Зыков,22,к. Дзержинск
767,Семен Теймуразович Поляков,25,к. Чебоксары
768,Клавдия Анатольевна Давыдова,18,к. Верхотурье
769,Филиппова Акулина Романовна,22,д. Владимир
770,Анна Егоровна Доронина,24,д. Всеволожск
771,Мухин Всеслав Филимонович,18,к. Лазаревское
772,Терентий Игнатович Анисимов,22,д. Мурманск
773,Воронцова Людмила Кузьминична,24,клх Серафимович
774,Муравьева Ангелина Захаровна,24,к. Одинцово
775,Виноградова Валерия Мироновна,19,п. Находка
776,Суворова Иванна Ильинична,18,с. Озеры
777,Милий Геннадиевич Семенов,21,ст. Урай
778,Прокофий Демидович Павлов,18,ст. Устюжна
779,Эрнст Ефимович Михеев,22,клх Махачкала
780,Никифор Алексеевич Захаров,18,с. Краснотурьинск
781,Александр Викторович Тихонов,24,ст. Сунтар
782,Белов Демид Ааронович,25,ст. Дзержинск
783,Наталья Яковлевна Чернова,19,г. Арсеньев
784,Изот Демьянович Ефремов,25,с. Дудинка
785,Адам Устинович Крылов,18,с. Вологда
786,Федотова Лора Кузьминична,25,с. Уренгой
787,Куликова Тамара Федоровна,18,ст. Советский
788,Щербакова Раиса Антоновна,23,клх Губаха
789,Самуил Эдуардович Петров,25,г. Бологое
790,Суворов Флорентин Архипович,19,ст. Верхний Уфалей
791,Селиверстов Парфен Филатович,23,ст. Корсаков
792,Прокл Борисович Иванов,25,п. Урюпинск
793,Валерия Григорьевна Мухина,20,п. Набережные Челны
794,Ирина Леонидовна Виноградова,21,г. Токсово
795,Гордеева Агафья Аркадьевна,20,с. Усть-Кут
796,Кузнецова Фёкла Львовна,23,с. Санкт-Петербург
797,Мариан Егорович Евсеев,21,ст. Жигулевск
798,Третьякова Таисия Яковлевна,23,д. Каменск-Шахтинский
799,Тетерин Мефодий Харламович,22,г. Назрань
800,Ершова Елена Афанасьевна,20,к. Магнитогорск
801,Элеонора Константиновна Павлова,21,ст. Елец
802,Гущина Оксана Васильевна,20,д. Катав-Ивановск
803,Клавдия Макаровна Макарова,25,клх Минеральные Воды
804,Комарова Пелагея Юльевна,20,д. Внуково (метеост.)
805,Ананий Антипович Власов,25,п. Кинешма
806,Трофимова Раиса Евгеньевна,24,г. Медногорск
807,Данилов Ульян Дорофеевич,19,с. Соболево
808,Татьяна Аскольдовна Кононова,23,ст. Калачинск
809,Коновалов Зосима Викторович,22,с. Набережные Челны
810,Роман Герасимович Гаврилов,20,к. Тымовское
811,Шашкова Клавдия Валериевна,25,клх Красная Поляна
812,Турова Кира Семеновна,23,клх Асбест
813,Шестакова Оксана Юрьевна,21,ст. Нижнеудинск
814,Савина Лукия Архиповна,18,п. Валаам
815,Лебедев Феоктист Владиленович,20,с. Плесецк
816,Митофан Егорович Тетерин,22,ст. Баргузин
817,Карпова Акулина Леонидовна,20,с. Губкин
818,Маргарита Валентиновна Колесникова,25,г. Шелагонцы
819,Валентин Богданович Воробьев,22,д. Жиганск
820,Чернова Надежда Оскаровна,18,г. Середниково
821,Пахомов Сократ Харламович,24,г. Королев
822,Федосеев Василий Гурьевич,24,г. Качканар
823,Таисия Олеговна Кондратьева,20,п. Льгов
824,Александрова Фёкла Аскольдовна,24,клх Лесной (Сверд.)
825,Полина Вениаминовна Лазарева,21,г. Руза
826,Дементий Витальевич Логинов,23,клх Тутаев
827,Дьячкова Наталья Яковлевна,23,г. Жигулевск
828,София Оскаровна Кабанова,22,г. Вендинга
829,Щукин Гостомысл Аксёнович,23,п. Азов (Рост.)
830,Якуб Эдгарович Мамонтов,24,с. Таштагол
831,Юлиан Филатович Носов,19,клх Корсаков
832,Лебедев Ипполит Елисеевич,21,д. Асбест
833,Григорьев Сила Фёдорович,21,ст. Торжок
834,Юдина Дарья Михайловна,24,с. Хужир
835,Королева Людмила Леоновна,20,д. Печора
836,Леонтий Фадеевич Мухин,19,с. Новый Оскол
837,Август Денисович Ефремов,19,ст. Карпинск
838,Марк Изотович Самойлов,21,д. Елатьма
839,Елисеев Спиридон Феликсович,20,п. Югорск
840,Соколова Агата Валентиновна,21,ст. Нязепетровск
841,Кудряшов Мокей Валерьевич,21,с. Палана
842,Элеонора Аскольдовна Фокина,22,п. Красноселькуп
843,г-н Гришин Фирс Вилорович,23,клх Котельнич
844,Громова Галина Станиславовна,20,п. Ивдель
845,Фаина Валериевна Владимирова,25,с. Юрюзань
846,Некрасов Лукьян Исидорович,20,г. Углич
847,Брагина Феврония Валериевна,24,к. Рубцовск
848,Вера Валентиновна Аксенова,22,п. Бирск
849,Брагин Болеслав Юлианович,21,д. Хоста
850,Екатерина Рудольфовна Титова,20,д. Березники
851,Вениамин Фролович Никитин,20,с. Павловский Посад
852,Евпраксия Степановна Терентьева,20,к. Мончегорск
853,Суханова Анна Станиславовна,18,к. Осташков
854,Котов Лонгин Харитонович,23,д. Южноуральск
855,Федор Федосеевич Гурьев,20,п. Шадринск
856,Степанова Галина Руслановна,20,п. Эльтон
857,Александра Николаевна Воробьева,21,с. Торжок
858,Алексей Власович Горшков,20,клх Тосно
859,Пахом Вилорович Зайцев,24,п. Октябрьское (Хант.)
860,Крюков Эрнст Харламович,23,к. Катав-Ивановск
861,Нинель Александровна Бурова,22,клх Липецк
862,Нифонт Всеволодович Николаев,18,с. Троицк (Моск.)
863,Николаева Агата Семеновна,19,с. Коломна
864,Анжела Аркадьевна Шарапова,22,к. Иркутск
865,Мокей Богданович Горбачев,19,г. Липецк
866,Щукина Ксения Артемовна,25,к. Котельнич
867,Спиридон Феоктистович Силин,20,г. Истра
868,Дарья Робертовна Суханова,24,г. Красновишерск
869,Валерия Викторовна Елисеева,22,клх Брянск
870,Фомин Радислав Арсенович,22,ст. Шерегеш
871,Нина Эльдаровна Гришина,24,п. Барнаул
872,Петров Илья Аверьянович,18,д. Юрюзань
873,Вениамин Ефремович Сидоров,22,п. Данков
874,Лидия Альбертовна Устинова,18,д. Тотьма
875,тов. Рогова Синклитикия Федоровна,18,п. Ставрополь
876,Авксентий Афанасьевич Голубев,21,к. Краснодар
877,Изот Фомич Мартынов,19,с. Барнаул
878,Орлова Полина Ниловна,21,с. Оленек
879,Мария Тимуровна Кузьмина,25,г. Сасово
880,Акулина Матвеевна Герасимова,22,клх Комсомольск-на-Амуре
881,Панкратий Игоревич Буров,20,п. Амдерма
882,Карпова Наина Егоровна,19,клх Лодейное Поле
883,Зиновьева Юлия Ильинична,20,г. Галич
884,Варлаам Феодосьевич Попов,19,д. Семлячики
885,Анисимов Ефим Александрович,20,с. Южно-Сахалинск
886,Сергеева Жанна Рубеновна,25,п. Ногинск (Моск.)
887,Никитина Анжелика Кузьминична,23,д. Екатеринбург
888,Антонина Захаровна Силина,22,г. Кырен
889,Натан Данилович Молчанов,20,с. Ухта
890,Карл Филиппович Крылов,19,к. Южноуральск
891,Федосеев Филипп Феоктистович,24,к. Нижний Тагил
892,Сигизмунд Ильясович Лапин,20,к. Гусь-Хрустальный
893,Макаров Мартьян Ефимьевич,25,г. Яшкуль
894,г-н Горбунов Мир Вилорович,22,г. Белоярский
895,Михей Давыдович Марков,18,п. Моршанск
896,Меркушева Полина Натановна,20,д. Гремячинск (Перм.)
897,Крылов Пахом Александрович,22,п. Армавир
898,Екатерина Валериевна Федотова,22,г. Якутск
899,Андроник Марсович Брагин,21,с. Верхний Тагил
900,Марфа Кирилловна Дроздова,19,клх Североуральск
901,Орехова Ия Ильинична,24,клх Темрюк
902,Мариан Гавриилович Мясников,25,с. Снежногорск (Мурм.)
903,Алевтина Олеговна Игнатьева,18,г. Зарайск
904,Эмилия Викторовна Турова,20,к. Бомнак
905,Анна Аркадьевна Маркова,25,г. Поронайск
906,Лукьян Демидович Игнатов,22,к. Усть-Баргузин
907,Молчанова Светлана Николаевна,24,г. Апрелевка
908,Зиновий Герасимович Цветков,23,к. Кашхатау
909,Силина Евгения Кирилловна,18,д. Клин
910,Яков Федосеевич Рогов,18,д. Белоярский
911,Василий Алексеевич Самойлов,18,с. Тверь
912,Осипов Святополк Бориславович,23,клх Россошь
913,Викентий Архипович Панфилов,19,ст. Завьялиха
914,Соколов Аверьян Антонович,25,к. Волгодонск
915,Блинова Надежда Сергеевна,20,клх Туапсе
916,Михеев Тихон Теймуразович,22,с. Усть-Калманка
917,Алина Николаевна Николаева,24,клх Ревда (Сверд.)
918,Гаврилов Мирослав Аксёнович,25,с. Кисловодск
919,Ладимир Владиславович Фокин,25,клх Талдом
920,Гущин Давыд Еремеевич,24,клх Оленек
921,Жукова Лариса Натановна,18,п. Нарьян-Мар
922,Юлиан Ефимович Тетерин,19,с. Курильск
923,Субботин Эммануил Ануфриевич,19,клх Витим
924,Давыд Денисович Котов,23,д. Ербогачен
925,Андреев Ипатий Федотович,24,с. Миасс
926,Чеслав Ефстафьевич Игнатов,20,с. Балтийск
927,Сысоев Демид Абрамович,18,г. Поронайск
928,Кузнецов Потап Адамович,23,к. Калач
929,Зуев Фока Витальевич,22,п. Оренбург
930,Алина Натановна Андреева,18,д. Таганрог
931,Лукия Аркадьевна Мишина,24,к. Ростов-на-Дону
932,Аполлон Еремеевич Николаев,22,п. Волхов
933,Лука Геннадиевич Комиссаров,21,д. Шахты
934,Елизавета Робертовна Громова,19,ст. Тура
935,Баранова Регина Сергеевна,18,с. Кяхта
936,Денисов Фирс Антипович,22,д. Нязепетровск
937,Тарасова Екатерина Федоровна,19,к. Магас
938,Мамонтов Зиновий Гурьевич,25,д. Верхотурье
939,Галина Георгиевна Романова,22,ст. Моздок
940,Крюкова Надежда Кирилловна,20,ст. Эльбрус
941,Тихонов Роман Алексеевич,23,с. Ивдель
942,Авдеева Мария Оскаровна,23,п. Холмск
943,Сорокина Виктория Дмитриевна,24,п. Кинешма
944,Лебедев Милан Афанасьевич,20,с. Наро-Фоминск
945,Константин Глебович Козлов,24,п. Углич
946,Быкова Евфросиния Игоревна,24,клх Абакан
947,Евдокия Аркадьевна Силина,22,п. Брянск
948,г-жа Маркова Олимпиада Ильинична,25,п. Елабуга
949,Горшкова Октябрина Олеговна,23,г. Глазов
950,Милица Оскаровна Давыдова,24,г. Партизанск
951,Александра Станиславовна Брагина,21,с. Калевала
952,Архипова Мария Артемовна,21,г. Ейск
953,Милица Матвеевна Филатова,19,д. Октябрьское (Челяб.)
954,Ильина Лариса Антоновна,23,ст. Партизанск
955,Агата Тимофеевна Орлова,24,ст. Волоколамск
956,Ковалева Евдокия Кузьминична,20,д. Ревда (Сверд.)
957,Кудрявцева Майя Тарасовна,23,клх Новосибирск
958,Самсонова Милица Вениаминовна,25,ст. Шенкурск
959,Ксения Вениаминовна Громова,19,г. Братск
960,тов. Логинов Ипатий Владиленович,24,г. Санкт-Петербург
961,г-жа Зыкова Элеонора Эдуардовна,25,к. Яр-Сале
962,Феофан Афанасьевич Лобанов,19,д. Славгород
963,Щербаков Любим Георгиевич,21,ст. Белореченск
964,Викторин Чеславович Лебедев,22,клх Домодедово
965,Петрова Алина Филипповна,22,п. Оха
966,Марфа Феликсовна Владимирова,23,с. Бузулук
967,Потапов Андроник Гордеевич,21,п. Старый Оскол
968,Карпов Глеб Елисеевич,22,г. Щельяюр
969,Ульяна Ниловна Денисова,19,г. Зеленоград
970,Борисов Агап Глебович,20,г. Дивногорск
971,Герман Измаилович Горшков,24,с. Балашиха
972,Евфросиния Робертовна Третьякова,18,г. Смирных
973,Соболев Изяслав Харлампьевич,19,клх Ясный (Оренб.)
974,Харлампий Филиппович Панфилов,25,ст. Североморск
975,Панов Самуил Анатольевич,20,с. Мичуринск
976,Ершова Надежда Георгиевна,22,к. Ессентуки
977,Дмитриева Зинаида Анатольевна,24,ст. Шелехов
978,Ковалев Мстислав Арсенович,23,ст. Инта
979,Кир Виленович Селезнев,23,г. Касимов
980,Прохорова Агафья Эльдаровна,24,п. Тарко-Сале
981,Любовь Владимировна Никитина,18,ст. Кизел
982,Аполлон Аверьянович Копылов,25,к. Фатеж
983,Сидорова Лариса Тимуровна,24,д. Павловская
984,Шестакова Прасковья Егоровна,23,г. Чита
985,Агафонова Фаина Олеговна,23,ст. Цимлянск
986,Виктория Вячеславовна Силина,24,п. Курганинск
987,Бурова Ольга Кузьминична,24,д. Луховицы
988,Боброва Евгения Захаровна,18,д. Глазов
989,Пелагея Яковлевна Семенова,19,п. Кущевская
990,Павлов Бажен Дорофеевич,18,п. Андреаполь
991,Исаков Мина Фокич,22,п. Кингисепп
992,Фаина Игоревна Дьячкова,18,ст. Новороссийск
993,Октябрина Болеславовна Александрова,23,с. Соликамск
994,Данила Гурьевич Белозеров,25,к. Шатура
995,Ларионов Мирослав Захарьевич,23,д. Нязепетровск
996,Иван Владленович Макаров,21,ст. Самара
997,Лариса Тарасовна Никонова,19,г. Усть-Кут
998,Тихонова Ираида Григорьевна,25,д. Кулунда
999,Тимофеев Мариан Эдуардович,23,клх Кяхта
1000,Дмитрий Ерофеевич Абрамов,19,д. Данков
